USE FILMOTECA;
GO

-- PARTICIPANTES
INSERT INTO PARTICIPANTES VALUES
  ('WVS84DTQ1YS','Ryan S. Bowman','Philippines','2020/11/07',10,9,'Sales and Marketing'),
  ('PVM73HRJ2ZL','Kamal W. Barnes','Liechtenstein','2020/03/02',6,34,'Payroll'),
  ('OJK27PBR2XY','Nathan I. Johnston','Congo (Brazzaville)','2019/07/09',10,6,'Customer Service'),
  ('ZRZ21RLK2BW','Avye Berger','Sudan','2019/12/03',5,12,'Media Relations'),
  ('XHA86TUJ7DK','Illana Q. Roth','Germany','2020/01/07',3,24,'Sales and Marketing'),
  ('ZMH10WXU1PI','Juliet Huber','Equatorial Guinea','2019/06/07',4,31,'Human Resources'),
  ('NEA40KXZ4KG','Keith Langley','American Samoa','2020/08/05',7,31,'Tech Support'),
  ('YQG73OYI8GE','Noel B. Goff','El Salvador','2019/08/11',5,4,'Research and Development'),
  ('VSO38OMJ5YQ','Frances M. Duke','Marshall Islands','2021/01/30',5,15,'Research and Development'),
  ('UNZ05SWS1WB','Fritz H. Ray','Slovenia','2020/08/07',8,22,'Customer Service'),
  ('MIF35XBD4WD','Rudyard Gonzalez','Costa Rica','2020/03/03',4,3,'Human Resources'),
  ('IPI31HOR6WY','Boris Mckay','Armenia','2020/02/25',3,10,'Research and Development'),
  ('SZC68YSO2GG','Dennis L. Vasquez','Sierra Leone','2019/09/01',10,3,'Sales and Marketing'),
  ('MGW97QVP1ED','Brent A. Bell','Aruba','2019/08/05',3,6,'Customer Service'),
  ('RBW79EVT3PD','Joseph West','Switzerland','2019/12/24',7,29,'Finances'),
  ('HNQ52RZK4NU','Chiquita Owen','Qatar','2020/11/12',3,18,'Sales and Marketing'),
  ('IOA23JZW1KN','Isabella N. Gallagher','Estonia','2019/06/17',5,15,'Human Resources'),
  ('XXS41LJN7TG','Lucy Ward','Saint Martin','2019/06/30',4,39,'Customer Service'),
  ('MMZ11VIN9QC','Owen Schmidt','Tuvalu','2020/02/22',1,35,'Sales and Marketing'),
  ('IHH20QGT3XC','Rigel T. Gentry','Cuba','2020/12/18',8,34,'Finances');


-- SOPORTE
INSERT INTO SOPORTE VALUES
  (2009,'Lorem ipsum dolor sit amet, consectetuer adipiscing elit.'),
  (6568,'Lorem ipsum dolor sit amet, consectetuer adipiscing elit. Curabitur sed tortor. Integer aliquam adipiscing lacus. Ut nec urna et arcu imperdiet ullamcorper.'),
  (9150,'Lorem ipsum dolor sit amet, consectetuer adipiscing'),
  (4155,'Lorem ipsum dolor sit amet, consectetuer adipiscing elit. Curabitur sed tortor. Integer aliquam adipiscing lacus. Ut nec urna et arcu imperdiet ullamcorper. Duis at lacus. Quisque purus sapien, gravida non, sollicitudin a, malesuada id, erat. Etiam vestibulum massa rutrum'),(9669,'Lorem ipsum dolor sit amet, consectetuer adipiscing elit. Curabitur sed tortor. Integer aliquam adipiscing lacus.'),
  (9133,'Lorem'),
  (3627,'Lorem ipsum dolor sit amet, consectetuer adipiscing elit. Curabitur sed tortor. Integer'),
  (7187,'Lorem ipsum dolor sit amet, consectetuer adipiscing elit. Curabitur sed tortor. Integer aliquam adipiscing lacus'),
  (8403,'Lorem ipsum dolor sit amet, consectetuer adipiscing elit. Curabitur sed tortor.'),
  (9675,'Lorem ipsum dolor sit amet, consectetuer adipiscing elit. Curabitur sed tortor. Integer aliquam adipiscing lacus. Ut nec urna et arcu imperdiet ullamcorper. Duis at'),
  (8871,'Lorem ipsum dolor sit'),
  (5549,'Lorem ipsum dolor sit amet, consectetuer adipiscing elit. Curabitur sed tortor. Integer aliquam adipiscing lacus. Ut nec urna et arcu imperdiet ullamcorper. Duis at lacus. Quisque purus sapien, gravida non, sollicitudin a, malesuada id, erat.'),
  (3940,'Lorem ipsum dolor sit amet, consectetuer adipiscing elit. Curabitur sed tortor. Integer aliquam adipiscing lacus. Ut nec urna et arcu imperdiet ullamcorper.'),
  (3493,'Lorem ipsum dolor sit amet,'),
  (3988,'Lorem ipsum dolor sit amet, consectetuer adipiscing elit. Curabitur sed tortor. Integer aliquam adipiscing lacus.'),
  (4239,'Lorem ipsum dolor sit amet, consectetuer adipiscing elit. Curabitur sed tortor. Integer aliquam adipiscing lacus. Ut nec urna et arcu imperdiet ullamcorper. Duis at lacus. Quisque purus sapien,'),
  (189,'Lorem ipsum dolor sit amet, consectetuer adipiscing elit. Curabitur sed tortor. Integer aliquam adipiscing lacus. Ut nec urna et arcu imperdiet ullamcorper.'),
  (6658,'Lorem ipsum dolor sit amet, consectetuer adipiscing elit. Curabitur sed tortor. Integer aliquam adipiscing lacus. Ut nec urna'),
  (9937,'Lorem ipsum dolor sit amet, consectetuer adipiscing elit. Curabitur sed tortor. Integer aliquam adipiscing lacus. Ut nec urna et arcu imperdiet ullamcorper. Duis'),
  (2993,'Lorem ipsum dolor sit amet, consectetuer adipiscing elit. Curabitur sed tortor. Integer aliquam adipiscing lacus. Ut nec urna et arcu imperdiet ullamcorper. Duis at lacus. Quisque purus sapien, gravida non, sollicitudin a, malesuada id,');


-- SOCIOS
INSERT INTO SOCIOS VALUES
  ('OAN94KSF2IX','Bird','Yvette','Ap #353-3207 Sit Road',13),
  ('APJ14MTX4VP','Johnson','Jescie','Ap #317-8040 Suspendisse Avenue',67),
  ('GGB64EOB3YH','Davidson','Josephine','1014 Elit, Rd.',50),
  ('OHO29QQI5OX','Mayo','Griffin','P.O. Box 250, 229 Est. Ave',24),
  ('VMF81VFV9VQ','Lucas','Hyacinth','9581 Tempus, Rd.',79),
  ('TGX35AST0ZV','Campbell','Kuame','778 Turpis Rd.',43),
  ('DNC15YPT1UO','Bartlett','Gabriel','1781 Facilisis. Road',67),
  ('XEH61WOF1AI','Shepherd','Palmer','1256 Mollis. Street',70),
  ('ITW78MAR7NA','Wilkinson','Ora','1910 Vestibulum, St.',22),
  ('MPT84JXH1LY','Noble','Mercedes','P.O. Box 150, 8514 Duis Rd.',64),
  ('CQE29JAD8KX','Aguilar','Rashad','Ap #451-3417 Sed Street',60),
  ('QCP74LZK8LM','Battle','Leah','P.O. Box 264, 3010 Malesuada Ave',30),
  ('LWL82WXU0OB','Crosby','Emi','809-1026 Ac, Ave',24),
  ('JGK69VJG0CL','Humphrey','Rana','580-5417 Lorem Avenue',30),
  ('SRZ19VKH0RC','Hood','Slade','P.O. Box 273, 2333 Malesuada Avenue',59),
  ('JHR39CJI8LN','Cotton','Stacey','P.O. Box 621, 1039 Tellus Ave',77),
  ('MEF43NSE0ML','Ware','Kyle','Ap #278-2771 Phasellus Ave',69),
  ('SFY64YRW9CY','Vance','Wendy','P.O. Box 539, 2597 Nullam Rd.',76),
  ('YVF79ZKN5YL','Wilkins','Baker','459-6096 Parturient Ave',55),
  ('QIB49GYN3RF','Gibbs','Moana','1194 Ipsum Ave',50);


-- CICLOS
INSERT INTO CICLOS VALUES
  ('Primer semestre 2010',2010,'2010-01-01','2010-06-30'),
  ('Segundo semestre 2012',2012,'2012-07-01','2012-12-31'),
  ('Primer semestre 2020',2020,'2020-01-01','2020-06-30');


-- PELICULAS
INSERT INTO PELICULAS VALUES
  (1,'LOS PROFESORES DE SAINT-DENIS','LOS PROFESORES DE SAINT-DENIS',2020,'Terror','02:20:01.00000000',2500230.00,4.5,'OJK27PBR2XY',9669),
  (2,'SELAH AND THE SPADES','SELAH AND THE SPADES',2020,'Ciencia Ficción','02:02:02.00000000',2540230.00,7.5,'MIF35XBD4WD',3627),
  (3,'EX LIBRIS','EX LIBRIS',2020,'Biografía','02:03:03.00000000',2560230.00,9.0,'MGW97QVP1ED',9669),
  (4,'Onward','Onward',2020,'Animación','01:03:00.00000000',2570230.00,0.0,'MMZ11VIN9QC',7187),
  (5,'VIVARIUM','VIVARIUM',2020,'Terror','02:20:00.00000000',2590230.00,7.5,'IHH20QGT3XC',8403);


-- DIRIGE
INSERT INTO DIRIGE VALUES
  ('SZC68YSO2GG',1),
  ('MGW97QVP1ED',2),
  ('RBW79EVT3PD',3),
  ('HNQ52RZK4NU',4),
  ('IOA23JZW1KN',5);


-- PROTAGONIZA
INSERT INTO PROTAGONIZA VALUES
  ('WVS84DTQ1YS',1,'INDEPENDIENTE'),
  ('PVM73HRJ2ZL',2,'INDEPENDIENTE'),
  ('OJK27PBR2XY',3,'INDEPENDIENTE'),
  ('ZRZ21RLK2BW',4,'INDEPENDIENTE'),
  ('XHA86TUJ7DK',5,'INDEPENDIENTE');


-- PRODUCE
INSERT INTO PRODUCE VALUES
  ('SZC68YSO2GG',5,88.00),
  ('MGW97QVP1ED',3,90.00),
  ('RBW79EVT3PD',2,23.00),
  ('HNQ52RZK4NU',4,10.00),
  ('IOA23JZW1KN',1,1.00);


-- EMITE
INSERT INTO EMITE VALUES
  (3,'Primer semestre 2010',2010,13,CURRENT_TIMESTAMP),
  (4,'Segundo semestre 2012',2012,22,CURRENT_TIMESTAMP),
  (1,'Primer semestre 2020',2020,23,CURRENT_TIMESTAMP);


-- BANDAS
INSERT INTO BANDAS([CODS_BS],[TITULO],[TIPO],[PELICULAS],[SOPORTE]) VALUES
  ('UMW78NIW5YL','Dolor Elit Foundation','Adipiscing Foundation',2,9133),
  ('TIU63MOO7RF','Diam Duis Mi Corporation','Senectus Et Corporation',3,3627),
  ('ZKZ39CPZ5FE','Velit Aliquam LLC','Dictum Eu Eleifend Industries',4,7187),
  ('LJE72DAE0OF','Placerat Orci Inc.','Penatibus Associates',5,8403),
  ('NVU88EOR2KF','In LLP','Nisl Quisque Associates',1,9675);


-- ABONOS
INSERT INTO ABONOS VALUES
  ('CCC62IYQ2HL','ultrices a, auctor non, feugiat nec,',9,70.0,'Primer semestre 2010',2010),
  ('HKK84OZU2YE','ac urna. Ut tincidunt vehicula risus. Nulla eget metus eu erat semper rutrum. Fusce dolor quam,',1,50.0,'Primer semestre 2010',2010),
  ('TWY48MYM7SI','ullamcorper, nisl arcu iaculis enim, sit amet ornare lectus justo eu arcu. Morbi sit amet massa. Quisque porttitor eros nec',2,100.0,'Primer semestre 2020',2020),
  ('OBU82MFF7WH','quam. Curabitur vel lectus. Cum',7,170.0,'Primer semestre 2020',2020),
  ('YGT01IRP6RN','lectus convallis est, vitae sodales',3,30.0,'Primer semestre 2020',2020),
  ('XZB90CPR4XM','at, velit. Pellentesque ultricies dignissim lacus. Aliquam rutrum lorem ac risus. Morbi metus. Vivamus euismod urna.',2,20.0,'Primer semestre 2020',2020),
  ('KNO70QKG1HW','fringilla est. Mauris eu turpis. Nulla aliquet. Proin velit.',9,70.0,'Primer semestre 2020',2020),
  ('LIK42VGL7LL','Vivamus nibh dolor, nonummy ac, feugiat non, lobortis quis, pede. Suspendisse dui.',8,700.0,'Primer semestre 2020',2020);


-- ALQUILA_P
INSERT INTO ALQUILA_P VALUES
  (1,'TGX35AST0ZV'),
  (2,'DNC15YPT1UO'),
  (3,'XEH61WOF1AI'),
  (3,'ITW78MAR7NA');
  

-- ALQUILA_B
INSERT INTO ALQUILA_B VALUES
  ('UMW78NIW5YL','MPT84JXH1LY'),
  ('ZKZ39CPZ5FE','CQE29JAD8KX'),
  ('TIU63MOO7RF','QCP74LZK8LM'),
  ('LJE72DAE0OF','LWL82WXU0OB');


-- ADQUIERE
INSERT INTO ADQUIERE VALUES
  ('MPT84JXH1LY','XZB90CPR4XM'),
  ('CQE29JAD8KX','OBU82MFF7WH'),
  ('QCP74LZK8LM','YGT01IRP6RN'),
  ('LWL82WXU0OB','OBU82MFF7WH');


/*
  ELIMINACION
*/
DELETE FROM SOCIOS WHERE DNI = 'YVF79ZKN5YL';

/*
  MODIFICACION
*/
UPDATE ADQUIERE SET ABONO = 'LIK42VGL7LL' WHERE SOCIO = 'MPT84JXH1LY';

